{
  "$schema": "https://json-schema.org/draft/2020-12/schema",
  "title": "Telefonbuch-Datensatz",
  "type": "array",
  "items": {
    "type": "object",
    "required": [
      "uid",
      "name",
      "telefon",
      "abteilung",
      "ort"
    ],
    "properties": {
      "uid": {
        "type": "integer"
      },
      "name": {
        "type": "string"
      },
      "telefon": {
        "type": "string",
        "pattern": "^\\+41[0-9]{9}$"
      },
      "kurzwahl": {
        "type": "string",
        "pattern": "^[0-9]{4,5}$"
      },
      "funktion": {
        "type": "string"
      },
      "abteilung": {
        "type": "string"
      },
      "ort": {
        "type": "string"
      },
      "email": {
        "type": "string",
        "format": "email"
      },
      "oeffnungszeiten": {
        "type": "string"
      },
      "adresse": {
        "type": "string"
      }
    }
  }
}